<?xml version="1.0" encoding="UTF-8" standalone="yes"?>
<!-- 
	Request: integrated motherboard (which includes a processor)
	Response: messages "Motherboard has too few memory sockets",
		"3 DIMM slots required, 2 available"
 -->
<knowledgebase-request>

	<queries>
		<query-type>
			<queryName>memory</queryName>
			<factNames><string>value</string></factNames>
		</query-type>
		<query-type>
			<queryName>messages</queryName>
			<factNames><string>value</string></factNames>
		</query-type>
	</queries>

	<inOutFacts>
		<named-fact>
			<id>selection</id>
			<fact class="com.lunatech.configuration.Selection">
				<motherboardType>standard</motherboardType>
			</fact>
		</named-fact>
		<named-fact>
			<id>memory1</id>
			<fact class="com.lunatech.configuration.MemorySelection">
				<dimmSize>2</dimmSize>
			</fact>
		</named-fact>
		<named-fact>
			<id>memory2</id>
			<fact class="com.lunatech.configuration.MemorySelection">
				<dimmSize>2</dimmSize>
			</fact>
		</named-fact>
		<named-fact>
			<id>memory3</id>
			<fact class="com.lunatech.configuration.MemorySelection">
				<dimmSize>1</dimmSize>
			</fact>
		</named-fact>
	</inOutFacts>
	
</knowledgebase-request>