<?xml version="1.0" encoding="UTF-8" standalone="yes"?>
<!-- 
	Request: standard motherboard, advanced processor
	Response: message "Motherboard and processor socket types do not match" 
 -->
<knowledgebase-request>

	<queries>
		<query-type>
			<queryName>motherboards</queryName>
			<factNames><string>value</string></factNames>
		</query-type>
		<query-type>
			<queryName>processors</queryName>
			<factNames><string>value</string></factNames>
		</query-type>
		<query-type>
			<queryName>messages</queryName>
			<factNames><string>value</string></factNames>
		</query-type>
	</queries>

	<inOutFacts>
		<named-fact>
			<id>selection</id>
			<fact class="com.lunatech.configuration.Selection">
				<motherboardType>standard</motherboardType>
				<processorType>advanced</processorType>
			</fact>
		</named-fact>
	</inOutFacts>
	
</knowledgebase-request>